cod_paciente;genero;Head Size(cm^3);Brain Weight(grams)
1;Masculino;4512;1530
2;Masculino;3738;1297
3;Masculino;4261;1335
4;Masculino;3777;1282
5;Masculino;4177;1590
6;Masculino;3585;1300
7;Masculino;3785;1400
8;Masculino;3559;1255
9;Masculino;3613;1355
10;Masculino;3982;1375
11;Masculino;3443;1340
12;Masculino;3993;1380
13;Masculino;3640;1355
14;Masculino;4208;1522
15;Masculino;3832;1208
16;Masculino;3876;1405
17;Masculino;3497;1358
18;Masculino;3466;1292
19;Masculino;3095;1340
20;Masculino;4424;1400
21;Masculino;3878;1357
22;Masculino;4046;1287
23;Masculino;3804;1275
24;Masculino;3710;1270
25;Masculino;4747;1635
26;Masculino;4423;1505
27;Masculino;4036;1490
28;Masculino;4022;1485
29;Masculino;3454;1310
30;Masculino;4175;1420
31;Masculino;3787;1318
32;Masculino;3796;1432
33;Masculino;4103;1364
34;Masculino;4161;1405
35;Masculino;4158;1432
36;Masculino;3814;1207
37;Masculino;3527;1375
38;Masculino;3748;1350
39;Masculino;3334;1236
40;Masculino;3492;1250
41;Masculino;3962;1350
42;Masculino;3505;1320
43;Masculino;4315;1525
44;Masculino;3804;1570
45;Masculino;3863;1340
46;Masculino;4034;1422
47;Masculino;4308;1506
48;Masculino;3165;1215
49;Masculino;3641;1311
50;Masculino;3644;1300
51;Masculino;3891;1224
52;Masculino;3793;1350
53;Masculino;4270;1335
54;Masculino;4063;1390
55;Masculino;4012;1400
56;Masculino;3458;1225
57;Masculino;3890;1310
58;Masculino;4166;1560
59;Masculino;3935;1330
60;Masculino;3669;1222
61;Masculino;3866;1415
62;Masculino;3393;1175
63;Masculino;4442;1330
64;Masculino;4253;1485
65;Masculino;3727;1470
66;Masculino;3329;1135
67;Masculino;3415;1310
68;Masculino;3372;1154
69;Masculino;4430;1510
70;Masculino;4381;1415
71;Masculino;4008;1468
72;Masculino;3858;1390
73;Masculino;4121;1380
74;Masculino;4057;1432
75;Masculino;3824;1240
76;Masculino;3394;1195
77;Masculino;3558;1225
78;Masculino;3362;1188
79;Masculino;3930;1252
80;Masculino;3835;1315
81;Masculino;3830;1245
82;Masculino;3856;1430
83;Masculino;3249;1279
84;Masculino;3577;1245
85;Masculino;3933;1309
86;Masculino;3850;1412
87;Masculino;3309;1120
88;Masculino;3406;1220
89;Masculino;3506;1280
90;Masculino;3907;1440
91;Masculino;4160;1370
92;Masculino;3318;1192
93;Masculino;3662;1230
94;Masculino;3899;1346
95;Masculino;3700;1290
96;Masculino;3779;1165
97;Masculino;3473;1240
98;Masculino;3490;1132
99;Masculino;3654;1242
100;Masculino;3478;1270
101;Masculino;3495;1218
102;Masculino;3834;1430
103;Masculino;3876;1588
104;Masculino;3661;1320
105;Masculino;3618;1290
106;Masculino;3648;1260
107;Masculino;4032;1425
108;Masculino;3399;1226
109;Masculino;3916;1360
110;Masculino;4430;1620
111;Masculino;3695;1310
112;Masculino;3524;1250
113;Masculino;3571;1295
114;Masculino;3594;1290
115;Masculino;3383;1290
116;Masculino;3499;1275
117;Masculino;3589;1250
118;Masculino;3900;1270
119;Masculino;4114;1362
120;Masculino;3937;1300
121;Masculino;3399;1173
122;Masculino;4200;1256
123;Masculino;4488;1440
124;Masculino;3614;1180
125;Masculino;4051;1306
126;Masculino;3782;1350
127;Masculino;3391;1125
128;Masculino;3124;1165
129;Masculino;4053;1312
130;Masculino;3582;1300
131;Masculino;3666;1270
132;Masculino;3532;1335
133;Masculino;4046;1450
134;Masculino;3667;1310
135;Feminino;2857;1027
136;Feminino;3436;1235
137;Feminino;3791;1260
138;Feminino;3302;1165
139;Feminino;3104;1080
140;Feminino;3171;1127
141;Feminino;3572;1270
142;Feminino;3530;1252
143;Feminino;3175;1200
144;Feminino;3438;1290
145;Feminino;3903;1334
146;Feminino;3899;1380
147;Feminino;3401;1140
148;Feminino;3267;1243
149;Feminino;3451;1340
150;Feminino;3090;1168
151;Feminino;3413;1322
152;Feminino;3323;1249
153;Feminino;3680;1321
154;Feminino;3439;1192
155;Feminino;3853;1373
156;Feminino;3156;1170
157;Feminino;3279;1265
158;Feminino;3707;1235
159;Feminino;4006;1302
160;Feminino;3269;1241
161;Feminino;3071;1078
162;Feminino;3779;1520
163;Feminino;3548;1460
164;Feminino;3292;1075
165;Feminino;3497;1280
166;Feminino;3082;1180
167;Feminino;3248;1250
168;Feminino;3358;1190
169;Feminino;3803;1374
170;Feminino;3566;1306
171;Feminino;3145;1202
172;Feminino;3503;1240
173;Feminino;3571;1316
174;Feminino;3724;1280
175;Feminino;3615;1350
176;Feminino;3203;1180
177;Feminino;3609;1210
178;Feminino;3561;1127
179;Feminino;3979;1324
180;Feminino;3533;1210
181;Feminino;3689;1290
182;Feminino;3158;1100
183;Feminino;4005;1280
184;Feminino;3181;1175
185;Feminino;3479;1160
186;Feminino;3642;1205
187;Feminino;3632;1163
188;Feminino;3069;1022
189;Feminino;3394;1243
190;Feminino;3703;1350
191;Feminino;3165;1237
192;Feminino;3354;1204
193;Feminino;3000;1090
194;Feminino;3687;1355
195;Feminino;3556;1250
196;Feminino;2773;1076
197;Feminino;3058;1120
198;Feminino;3344;1220
199;Feminino;3493;1240
200;Feminino;3297;1220
201;Feminino;3360;1095
202;Feminino;3228;1235
203;Feminino;3277;1105
204;Feminino;3851;1405
205;Feminino;3067;1150
206;Feminino;3692;1305
207;Feminino;3402;1220
208;Feminino;3995;1296
209;Feminino;3318;1175
210;Feminino;2720;955
211;Feminino;2937;1070
212;Feminino;3580;1320
213;Feminino;2939;1060
214;Feminino;2989;1130
215;Feminino;3586;1250
216;Feminino;3156;1225
217;Feminino;3246;1180
218;Feminino;3170;1178
219;Feminino;3268;1142
220;Feminino;3389;1130
221;Feminino;3381;1185
222;Feminino;2864;1012
223;Feminino;3740;1280
224;Feminino;3479;1103
225;Feminino;3647;1408
226;Feminino;3716;1300
227;Feminino;3284;1246
228;Feminino;4204;1380
229;Feminino;3735;1350
230;Feminino;3218;1060
231;Feminino;3685;1350
232;Feminino;3704;1220
233;Feminino;3214;1110
234;Feminino;3394;1215
235;Feminino;3233;1104
236;Feminino;3352;1170
237;Feminino;3391;1120
71;Masculino;4008;1468
72;Masculino;3858;1390
73;Masculino;4121;1380
74;Masculino;4057;1432
75;Masculino;3824;1240
76;Masculino;3394;1195
77;Masculino;3558;1225
78;Masculino;3362;1188
79;Masculino;3930;1252
80;Masculino;3835;1315
81;Masculino;3830;1245
82;Masculino;3856;1430
83;Masculino;3249;1279
84;Masculino;3577;1245
85;Masculino;3933;1309
86;Masculino;3850;1412
87;Masculino;3309;1120
88;Masculino;3406;1220
89;Masculino;3506;1280
90;Masculino;3907;1440
91;Masculino;4160;1370
92;Masculino;3318;1192
93;Masculino;3662;1230
94;Masculino;3899;1346
95;Masculino;3700;1290
96;Masculino;3779;1165
97;Masculino;3473;1240
98;Masculino;3490;1132
99;Masculino;3654;1242
100;Masculino;3478;1270
101;Masculino;3495;1218
102;Masculino;3834;1430
103;Masculino;3876;1588
104;Masculino;3661;1320
105;Masculino;3618;1290
106;Masculino;3648;1260
107;Masculino;4032;1425
108;Masculino;3399;1226
109;Masculino;3916;1360
110;Masculino;4430;1620
111;Masculino;3695;1310
112;Masculino;3524;1250
113;Masculino;3571;1295
114;Masculino;3594;1290
115;Masculino;3383;1290
116;Masculino;3499;1275
117;Masculino;3589;1250
118;Masculino;3900;1270
119;Masculino;4114;1362
120;Masculino;3937;1300
121;Masculino;3399;1173
122;Masculino;4200;1256
123;Masculino;4488;1440
124;Masculino;3614;1180
125;Masculino;4051;1306
126;Masculino;3782;1350
127;Masculino;3391;1125
128;Masculino;3124;1165
129;Masculino;4053;1312
130;Masculino;3582;1300
131;Masculino;3666;1270
132;Masculino;3532;1335
133;Masculino;4046;1450
134;Masculino;3667;1310
218;Feminino;3170;1178
219;Feminino;3268;1142
220;Feminino;3389;1130
221;Feminino;3381;1185
222;Feminino;2864;1012
223;Feminino;3740;1280
224;Feminino;3479;1103
225;Feminino;3647;1408
226;Feminino;3716;1300
227;Feminino;3284;1246
228;Feminino;4204;1380
229;Feminino;3735;1350
230;Feminino;3218;1060
231;Feminino;3685;1350
232;Feminino;3704;1220
233;Feminino;3214;1110
234;Feminino;3394;1215
235;Feminino;3233;1104
